id,cliente,dispositivo,marca,prioridad,horas,estado,costoBase,garantia,repuestos,modalidad
P001,Persona01,celular,Nexo,1,2,ABIERTA,1000,NO,100,NORMAL
P002,Persona02,notebook,Andes,2,3,ENTREGADA,1100,SI,200,EXPRESS
P003,Persona03,tablet,Sur,3,1,ABIERTA,1200,NO,300,NORMAL
P004,Persona04,consola,Nexo,1,4,ENTREGADA,1300,SI,400,EXPRESS
P005,Persona05,celular,Andes,2,5,ABIERTA,1400,NO,500,NORMAL
P006,Persona06,notebook,Sur,3,2,ENTREGADA,1500,SI,600,EXPRESS
P007,Persona07,tablet,Nexo,1,3,ABIERTA,1600,NO,700,NORMAL
P008,Persona08,consola,Andes,2,1,ENTREGADA,1700,SI,800,EXPRESS
P009,Persona09,celular,Sur,3,4,ABIERTA,1800,NO,900,NORMAL
P010,Persona10,notebook,Nexo,1,5,CANCELADA,1900,NO,0,EXPRESS
P011,Persona11,tablet,Andes,2,2,ENTREGADA,2000,SI,100,NORMAL
P012,Persona12,consola,Sur,3,3,ABIERTA,2100,NO,200,EXPRESS
P013,Persona13,celular,Nexo,1,1,ENTREGADA,2200,SI,300,NORMAL
P014,Persona14,notebook,Andes,2,4,ABIERTA,2300,NO,400,EXPRESS
P015,Persona15,tablet,Sur,3,5,ENTREGADA,2400,SI,500,NORMAL
P016,Persona16,consola,Nexo,1,2,ABIERTA,2500,NO,600,EXPRESS
P017,Persona17,celular,Andes,2,3,ENTREGADA,2600,SI,700,NORMAL
P018,Persona18,notebook,Sur,3,1,ABIERTA,2700,NO,800,EXPRESS
P019,Persona19,tablet,Nexo,1,4,ENTREGADA,2800,SI,900,NORMAL
P020,Persona20,consola,Andes,2,5,CANCELADA,2900,NO,0,EXPRESS
P021,Persona21,celular,Sur,3,2,ENTREGADA,3000,SI,100,NORMAL
P022,Persona22,notebook,Nexo,1,3,ABIERTA,3100,NO,200,EXPRESS
P023,Persona23,tablet,Andes,2,1,ENTREGADA,3200,SI,300,NORMAL
P024,Persona24,consola,Sur,3,4,ABIERTA,3300,NO,400,EXPRESS
P025,Persona25,celular,Nexo,1,5,ENTREGADA,3400,SI,500,NORMAL
P026,Persona26,notebook,Andes,2,2,ABIERTA,3500,NO,600,EXPRESS
P027,Persona27,tablet,Sur,3,3,ENTREGADA,3600,SI,700,NORMAL
P028,Persona28,consola,Nexo,1,1,ABIERTA,3700,NO,800,EXPRESS
P029,Persona29,celular,Andes,2,4,ENTREGADA,3800,SI,900,NORMAL
P030,Persona30,notebook,Sur,3,5,CANCELADA,3900,NO,0,EXPRESS
P031,Persona31,tablet,Nexo,1,2,ENTREGADA,4000,SI,100,NORMAL
P032,Persona32,consola,Andes,2,3,ABIERTA,4100,NO,200,EXPRESS
P033,Persona33,celular,Sur,3,1,ENTREGADA,4200,SI,300,NORMAL
P034,Persona34,notebook,Nexo,1,4,ABIERTA,4300,NO,400,EXPRESS
P035,Persona35,tablet,Andes,2,5,ENTREGADA,4400,SI,500,NORMAL
P036,Persona36,consola,Sur,3,2,ABIERTA,4500,NO,600,EXPRESS
P037,Persona37,celular,Nexo,1,3,ENTREGADA,4600,SI,700,NORMAL
P038,Persona38,notebook,Andes,2,1,ABIERTA,4700,NO,800,EXPRESS
P039,Persona39,tablet,Sur,3,4,ENTREGADA,4800,SI,900,NORMAL
P040,Persona40,consola,Nexo,1,5,CANCELADA,4900,NO,0,EXPRESS
P041,Persona41,celular,Andes,2,2,ENTREGADA,5000,SI,100,NORMAL
P042,Persona42,notebook,Sur,3,3,ABIERTA,5100,NO,200,EXPRESS
P043,Persona43,tablet,Nexo,1,1,ENTREGADA,5200,SI,300,NORMAL
P044,Persona44,consola,Andes,2,4,ABIERTA,5300,NO,400,EXPRESS
P045,Persona45,celular,Sur,3,5,ENTREGADA,5400,SI,500,NORMAL
P046,Persona46,notebook,Nexo,1,2,ABIERTA,5500,NO,600,EXPRESS
P047,Persona47,tablet,Andes,2,3,ENTREGADA,5600,SI,700,NORMAL
P048,Persona48,consola,Sur,3,1,ABIERTA,5700,NO,800,EXPRESS
P049,Persona49,celular,Nexo,1,4,ENTREGADA,5800,SI,900,NORMAL
P050,Persona50,notebook,Andes,2,5,CANCELADA,5900,NO,0,EXPRESS
P051,Persona51,tablet,Sur,3,2,ENTREGADA,6000,SI,100,NORMAL
P052,Persona52,consola,Nexo,1,3,ABIERTA,6100,NO,200,EXPRESS
P053,Persona53,celular,Andes,2,1,ENTREGADA,6200,SI,300,NORMAL
P054,Persona54,notebook,Sur,3,4,ABIERTA,6300,NO,400,EXPRESS
P055,Persona55,tablet,Nexo,1,5,ENTREGADA,6400,SI,500,NORMAL
P056,Persona56,consola,Andes,2,2,ABIERTA,6500,NO,600,EXPRESS
P057,Persona57,celular,Sur,3,3,ENTREGADA,6600,SI,700,NORMAL
P058,Persona58,notebook,Nexo,1,1,ABIERTA,6700,NO,800,EXPRESS
P059,Persona59,tablet,Andes,2,4,ENTREGADA,6800,SI,900,NORMAL
P060,Persona60,consola,Sur,3,5,CANCELADA,6900,NO,0,EXPRESS
P061,Persona61,celular,Nexo,1,2,ENTREGADA,7000,SI,100,NORMAL
P062,Persona62,notebook,Andes,2,3,ABIERTA,7100,NO,200,EXPRESS
P063,Persona63,tablet,Sur,3,1,ENTREGADA,7200,SI,300,NORMAL
P064,Persona64,consola,Nexo,1,4,ABIERTA,7300,NO,400,EXPRESS
P065,Persona65,celular,Andes,2,5,ENTREGADA,7400,SI,500,NORMAL
P066,Persona66,notebook,Sur,3,2,ABIERTA,7500,NO,600,EXPRESS
P067,Persona67,tablet,Nexo,1,3,ENTREGADA,7600,SI,700,NORMAL
P068,Persona68,consola,Andes,2,1,ABIERTA,7700,NO,800,EXPRESS
P069,Persona69,celular,Sur,3,4,ENTREGADA,7800,SI,900,NORMAL
P070,Persona70,notebook,Nexo,1,5,CANCELADA,7900,NO,0,EXPRESS
P071,Persona71,tablet,Andes,2,2,ENTREGADA,8000,SI,100,NORMAL
P072,Persona72,consola,Sur,3,3,ABIERTA,8100,NO,200,EXPRESS
P073,Persona73,celular,Nexo,1,1,ENTREGADA,8200,SI,300,NORMAL
P074,Persona74,notebook,Andes,2,4,ABIERTA,8300,NO,400,EXPRESS
P075,Persona75,tablet,Sur,3,5,ENTREGADA,8400,SI,500,NORMAL
P076,Persona76,consola,Nexo,1,2,ABIERTA,8500,NO,600,EXPRESS
P077,Persona77,celular,Andes,2,3,ENTREGADA,8600,SI,700,NORMAL
P078,Persona78,notebook,Sur,3,1,ABIERTA,8700,NO,800,EXPRESS
P079,Persona79,tablet,Nexo,1,4,ENTREGADA,8800,SI,900,NORMAL
P080,Persona80,consola,Andes,2,5,CANCELADA,8900,NO,0,EXPRESS
P081,Persona81,celular,Sur,3,2,ENTREGADA,9000,SI,100,NORMAL
P082,Persona82,notebook,Nexo,1,3,ABIERTA,9100,NO,200,EXPRESS
P083,Persona83,tablet,Andes,2,1,ENTREGADA,9200,SI,300,NORMAL
P084,Persona84,consola,Sur,3,4,ABIERTA,9300,NO,400,EXPRESS
P085,Persona85,celular,Nexo,1,5,ENTREGADA,9400,SI,500,NORMAL
P086,Persona86,notebook,Andes,2,2,ABIERTA,9500,NO,600,EXPRESS
P087,Persona87,tablet,Sur,3,3,ENTREGADA,9600,SI,700,NORMAL
P088,Persona88,consola,Nexo,1,1,ABIERTA,9700,NO,800,EXPRESS
P089,Persona89,celular,Andes,2,4,ENTREGADA,9800,SI,900,NORMAL
P090,Persona90,notebook,Sur,3,5,CANCELADA,9900,NO,0,EXPRESS
P091,Persona91,tablet,Nexo,1,2,ENTREGADA,10000,SI,100,NORMAL
P092,Persona92,consola,Andes,2,3,ABIERTA,10100,NO,200,EXPRESS
P093,Persona93,celular,Sur,3,1,ENTREGADA,10200,SI,300,NORMAL
P094,Persona94,notebook,Nexo,1,4,ABIERTA,10300,NO,400,EXPRESS
P095,Persona95,tablet,Andes,2,5,ENTREGADA,10400,SI,500,NORMAL
P096,Persona96,consola,Sur,3,2,ABIERTA,10500,NO,600,EXPRESS
P097,Persona97,celular,Nexo,1,3,ENTREGADA,10600,SI,700,NORMAL
P098,Persona98,notebook,Andes,2,1,ABIERTA,10700,NO,800,EXPRESS
P099,Persona99,tablet,Sur,3,4,ENTREGADA,10800,SI,900,NORMAL
P100,Persona100,consola,Nexo,1,5,CANCELADA,10900,NO,0,EXPRESS
P101,Persona101,celular,Andes,2,2,ENTREGADA,11000,SI,100,NORMAL
P102,Persona102,notebook,Sur,3,3,ABIERTA,11100,NO,200,EXPRESS
P103,Persona103,tablet,Nexo,1,1,ENTREGADA,11200,SI,300,NORMAL
P104,Persona104,consola,Andes,2,4,ABIERTA,11300,NO,400,EXPRESS
P105,Persona105,celular,Sur,3,5,ENTREGADA,11400,SI,500,NORMAL
P106,Persona106,notebook,Nexo,1,2,ABIERTA,11500,NO,600,EXPRESS
P107,Persona107,tablet,Andes,2,3,ENTREGADA,11600,SI,700,NORMAL
P108,Persona108,consola,Sur,3,1,ABIERTA,11700,NO,800,EXPRESS
P109,Persona109,celular,Nexo,1,4,ENTREGADA,11800,SI,900,NORMAL
P110,Persona110,notebook,Andes,2,5,CANCELADA,11900,NO,0,EXPRESS
P111,Persona111,tablet,Sur,3,2,ENTREGADA,12000,SI,100,NORMAL
P112,Persona112,consola,Nexo,1,3,ABIERTA,12100,NO,200,EXPRESS
P113,Persona113,celular,Andes,2,1,ENTREGADA,12200,SI,300,NORMAL
P114,Persona114,notebook,Sur,3,4,ABIERTA,12300,NO,400,EXPRESS
P115,Persona115,tablet,Nexo,1,5,ENTREGADA,12400,SI,500,NORMAL
P116,Persona116,consola,Andes,2,2,ABIERTA,12500,NO,600,EXPRESS
P117,Persona117,celular,Sur,3,3,ENTREGADA,12600,SI,700,NORMAL
P118,Persona118,notebook,Nexo,1,1,ABIERTA,12700,NO,800,EXPRESS
P119,Persona119,tablet,Andes,2,4,ENTREGADA,12800,SI,900,NORMAL
P120,Persona120,consola,Sur,3,5,CANCELADA,12900,NO,0,EXPRESS
P121,Persona121,celular,Nexo,1,2,ENTREGADA,13000,SI,100,NORMAL
P122,Persona122,notebook,Andes,2,3,ABIERTA,13100,NO,200,EXPRESS
P123,Persona123,tablet,Sur,3,1,ENTREGADA,13200,SI,300,NORMAL
P124,Persona124,consola,Nexo,1,4,ABIERTA,13300,NO,400,EXPRESS
P125,Persona125,celular,Andes,2,5,ENTREGADA,13400,SI,500,NORMAL
P126,Persona126,notebook,Sur,3,2,ABIERTA,13500,NO,600,EXPRESS
P127,Persona127,tablet,Nexo,1,3,ENTREGADA,13600,SI,700,NORMAL
P128,Persona128,consola,Andes,2,1,ABIERTA,13700,NO,800,EXPRESS
P129,Persona129,celular,Sur,3,4,ENTREGADA,13800,SI,900,NORMAL
P130,Persona130,notebook,Nexo,1,5,CANCELADA,13900,NO,0,EXPRESS
P131,Persona131,tablet,Andes,2,2,ENTREGADA,14000,SI,100,NORMAL
P132,Persona132,consola,Sur,3,3,ABIERTA,14100,NO,200,EXPRESS
P133,Persona133,celular,Nexo,1,1,ENTREGADA,14200,SI,300,NORMAL
P134,Persona134,notebook,Andes,2,4,ABIERTA,14300,NO,400,EXPRESS
P135,Persona135,tablet,Sur,3,5,ENTREGADA,14400,SI,500,NORMAL
P136,Persona136,consola,Nexo,1,2,ABIERTA,14500,NO,600,EXPRESS
P137,Persona137,celular,Andes,2,3,ENTREGADA,14600,SI,700,NORMAL
P138,Persona138,notebook,Sur,3,1,ABIERTA,14700,NO,800,EXPRESS
P139,Persona139,tablet,Nexo,1,4,ENTREGADA,14800,SI,900,NORMAL
P140,Persona140,consola,Andes,2,5,CANCELADA,14900,NO,0,EXPRESS
